{
  "__type__": "cc.SpriteFrame",
  "content": {
    "name": "big_red_3",
    "atlas": "",
    "rect": {
      "x": 1,
      "y": 0,
      "width": 82,
      "height": 139
    },
    "offset": {
      "x": 0.5,
      "y": 0
    },
    "originalSize": {
      "width": 83,
      "height": 139
    },
    "rotated": false,
    "capInsets": [
      0,
      0,
      0,
      0
    ],
    "vertices": {
      "rawPosition": [
        -41,
        -69.5,
        0,
        41,
        -69.5,
        0,
        -41,
        69.5,
        0,
        41,
        69.5,
        0
      ],
      "indexes": [
        0,
        1,
        2,
        2,
        1,
        3
      ],
      "uv": [
        1,
        139,
        83,
        139,
        1,
        0,
        83,
        0
      ],
      "nuv": [
        0.012048192771084338,
        0,
        1,
        0,
        0.012048192771084338,
        1,
        1,
        1
      ],
      "minPos": {
        "x": -41,
        "y": -69.5,
        "z": 0
      },
      "maxPos": {
        "x": 41,
        "y": 69.5,
        "z": 0
      }
    },
    "texture": "706fc25a-0d6b-4158-b580-122e68be1534@6c48a",
    "packable": true,
    "pixelsToUnit": 100,
    "pivot": {
      "x": 0.5,
      "y": 0.5
    },
    "meshType": 0
  }
}