{
  "__type__": "cc.SpriteFrame",
  "content": {
    "name": "small_red_10",
    "atlas": "",
    "rect": {
      "x": 1,
      "y": 0,
      "width": 48,
      "height": 47
    },
    "offset": {
      "x": 0.5,
      "y": 0
    },
    "originalSize": {
      "width": 49,
      "height": 47
    },
    "rotated": false,
    "capInsets": [
      0,
      0,
      0,
      0
    ],
    "vertices": {
      "rawPosition": [
        -24,
        -23.5,
        0,
        24,
        -23.5,
        0,
        -24,
        23.5,
        0,
        24,
        23.5,
        0
      ],
      "indexes": [
        0,
        1,
        2,
        2,
        1,
        3
      ],
      "uv": [
        1,
        47,
        49,
        47,
        1,
        0,
        49,
        0
      ],
      "nuv": [
        0.02040816326530612,
        0,
        1,
        0,
        0.02040816326530612,
        1,
        1,
        1
      ],
      "minPos": {
        "x": -24,
        "y": -23.5,
        "z": 0
      },
      "maxPos": {
        "x": 24,
        "y": 23.5,
        "z": 0
      }
    },
    "texture": "57143c50-bd17-4f72-805c-0d1acce8bd53@6c48a",
    "packable": true,
    "pixelsToUnit": 100,
    "pivot": {
      "x": 0.5,
      "y": 0.5
    },
    "meshType": 0
  }
}