{
  "__type__": "cc.SpriteFrame",
  "content": {
    "name": "small_red_8",
    "atlas": "",
    "rect": {
      "x": 0,
      "y": 1,
      "width": 30,
      "height": 46
    },
    "offset": {
      "x": 0,
      "y": -0.5
    },
    "originalSize": {
      "width": 30,
      "height": 47
    },
    "rotated": false,
    "capInsets": [
      0,
      0,
      0,
      0
    ],
    "vertices": {
      "rawPosition": [
        -15,
        -23,
        0,
        15,
        -23,
        0,
        -15,
        23,
        0,
        15,
        23,
        0
      ],
      "indexes": [
        0,
        1,
        2,
        2,
        1,
        3
      ],
      "uv": [
        0,
        46,
        30,
        46,
        0,
        0,
        30,
        0
      ],
      "nuv": [
        0,
        0,
        1,
        0,
        0,
        0.9787234042553191,
        1,
        0.9787234042553191
      ],
      "minPos": {
        "x": -15,
        "y": -23,
        "z": 0
      },
      "maxPos": {
        "x": 15,
        "y": 23,
        "z": 0
      }
    },
    "texture": "526f398c-0733-48ea-9e88-4ae80f9ac9fe@6c48a",
    "packable": true,
    "pixelsToUnit": 100,
    "pivot": {
      "x": 0.5,
      "y": 0.5
    },
    "meshType": 0
  }
}