{
  "__type__": "cc.SpriteFrame",
  "content": {
    "name": "small_black_Q",
    "atlas": "",
    "rect": {
      "x": 0,
      "y": 0,
      "width": 39,
      "height": 54
    },
    "offset": {
      "x": 0,
      "y": 0
    },
    "originalSize": {
      "width": 39,
      "height": 54
    },
    "rotated": false,
    "capInsets": [
      0,
      0,
      0,
      0
    ],
    "vertices": {
      "rawPosition": [
        -19.5,
        -27,
        0,
        19.5,
        -27,
        0,
        -19.5,
        27,
        0,
        19.5,
        27,
        0
      ],
      "indexes": [
        0,
        1,
        2,
        2,
        1,
        3
      ],
      "uv": [
        0,
        54,
        39,
        54,
        0,
        0,
        39,
        0
      ],
      "nuv": [
        0,
        0,
        1,
        0,
        0,
        1,
        1,
        1
      ],
      "minPos": {
        "x": -19.5,
        "y": -27,
        "z": 0
      },
      "maxPos": {
        "x": 19.5,
        "y": 27,
        "z": 0
      }
    },
    "texture": "28cb7397-d119-4adc-8a50-0fde8863138e@6c48a",
    "packable": true,
    "pixelsToUnit": 100,
    "pivot": {
      "x": 0.5,
      "y": 0.5
    },
    "meshType": 0
  }
}