{
  "__type__": "cc.SpriteFrame",
  "content": {
    "name": "small_red_2",
    "atlas": "",
    "rect": {
      "x": 0,
      "y": 1,
      "width": 26,
      "height": 45
    },
    "offset": {
      "x": 0,
      "y": -0.5
    },
    "originalSize": {
      "width": 26,
      "height": 46
    },
    "rotated": false,
    "capInsets": [
      0,
      0,
      0,
      0
    ],
    "vertices": {
      "rawPosition": [
        -13,
        -22.5,
        0,
        13,
        -22.5,
        0,
        -13,
        22.5,
        0,
        13,
        22.5,
        0
      ],
      "indexes": [
        0,
        1,
        2,
        2,
        1,
        3
      ],
      "uv": [
        0,
        45,
        26,
        45,
        0,
        0,
        26,
        0
      ],
      "nuv": [
        0,
        0,
        1,
        0,
        0,
        0.9782608695652174,
        1,
        0.9782608695652174
      ],
      "minPos": {
        "x": -13,
        "y": -22.5,
        "z": 0
      },
      "maxPos": {
        "x": 13,
        "y": 22.5,
        "z": 0
      }
    },
    "texture": "0ba2385f-41ba-4a46-8498-9ae558fcf510@6c48a",
    "packable": true,
    "pixelsToUnit": 100,
    "pivot": {
      "x": 0.5,
      "y": 0.5
    },
    "meshType": 0
  }
}