{
  "__type__": "cc.SpriteFrame",
  "content": {
    "name": "small_red_4",
    "atlas": "",
    "rect": {
      "x": 0,
      "y": 0,
      "width": 32,
      "height": 46
    },
    "offset": {
      "x": 0,
      "y": 0
    },
    "originalSize": {
      "width": 32,
      "height": 46
    },
    "rotated": false,
    "capInsets": [
      0,
      0,
      0,
      0
    ],
    "vertices": {
      "rawPosition": [
        -16,
        -23,
        0,
        16,
        -23,
        0,
        -16,
        23,
        0,
        16,
        23,
        0
      ],
      "indexes": [
        0,
        1,
        2,
        2,
        1,
        3
      ],
      "uv": [
        0,
        46,
        32,
        46,
        0,
        0,
        32,
        0
      ],
      "nuv": [
        0,
        0,
        1,
        0,
        0,
        1,
        1,
        1
      ],
      "minPos": {
        "x": -16,
        "y": -23,
        "z": 0
      },
      "maxPos": {
        "x": 16,
        "y": 23,
        "z": 0
      }
    },
    "texture": "6714b25f-da89-46b2-b20c-9b9f46a3d193@6c48a",
    "packable": true,
    "pixelsToUnit": 100,
    "pivot": {
      "x": 0.5,
      "y": 0.5
    },
    "meshType": 0
  }
}