{
  "__type__": "cc.SpriteFrame",
  "content": {
    "name": "small_red_7",
    "atlas": "",
    "rect": {
      "x": 0,
      "y": 0,
      "width": 26,
      "height": 46
    },
    "offset": {
      "x": 0,
      "y": 0
    },
    "originalSize": {
      "width": 26,
      "height": 46
    },
    "rotated": false,
    "capInsets": [
      0,
      0,
      0,
      0
    ],
    "vertices": {
      "rawPosition": [
        -13,
        -23,
        0,
        13,
        -23,
        0,
        -13,
        23,
        0,
        13,
        23,
        0
      ],
      "indexes": [
        0,
        1,
        2,
        2,
        1,
        3
      ],
      "uv": [
        0,
        46,
        26,
        46,
        0,
        0,
        26,
        0
      ],
      "nuv": [
        0,
        0,
        1,
        0,
        0,
        1,
        1,
        1
      ],
      "minPos": {
        "x": -13,
        "y": -23,
        "z": 0
      },
      "maxPos": {
        "x": 13,
        "y": 23,
        "z": 0
      }
    },
    "texture": "54a62efa-654a-4efe-9d79-ae3be3e584e1@6c48a",
    "packable": true,
    "pixelsToUnit": 100,
    "pivot": {
      "x": 0.5,
      "y": 0.5
    },
    "meshType": 0
  }
}