{
  "__type__": "cc.SpriteFrame",
  "content": {
    "name": "small_red_6",
    "atlas": "",
    "rect": {
      "x": 0,
      "y": 0,
      "width": 29,
      "height": 46
    },
    "offset": {
      "x": 0,
      "y": 0
    },
    "originalSize": {
      "width": 29,
      "height": 46
    },
    "rotated": false,
    "capInsets": [
      0,
      0,
      0,
      0
    ],
    "vertices": {
      "rawPosition": [
        -14.5,
        -23,
        0,
        14.5,
        -23,
        0,
        -14.5,
        23,
        0,
        14.5,
        23,
        0
      ],
      "indexes": [
        0,
        1,
        2,
        2,
        1,
        3
      ],
      "uv": [
        0,
        46,
        29,
        46,
        0,
        0,
        29,
        0
      ],
      "nuv": [
        0,
        0,
        1,
        0,
        0,
        1,
        1,
        1
      ],
      "minPos": {
        "x": -14.5,
        "y": -23,
        "z": 0
      },
      "maxPos": {
        "x": 14.5,
        "y": 23,
        "z": 0
      }
    },
    "texture": "04c63336-e320-4765-a6d3-0183944ff87f@6c48a",
    "packable": true,
    "pixelsToUnit": 100,
    "pivot": {
      "x": 0.5,
      "y": 0.5
    },
    "meshType": 0
  }
}