{
  "__type__": "cc.SpriteFrame",
  "content": {
    "name": "small_red_A",
    "atlas": "",
    "rect": {
      "x": 0,
      "y": 0,
      "width": 38,
      "height": 46
    },
    "offset": {
      "x": 0,
      "y": 0
    },
    "originalSize": {
      "width": 38,
      "height": 46
    },
    "rotated": false,
    "capInsets": [
      0,
      0,
      0,
      0
    ],
    "vertices": {
      "rawPosition": [
        -19,
        -23,
        0,
        19,
        -23,
        0,
        -19,
        23,
        0,
        19,
        23,
        0
      ],
      "indexes": [
        0,
        1,
        2,
        2,
        1,
        3
      ],
      "uv": [
        0,
        46,
        38,
        46,
        0,
        0,
        38,
        0
      ],
      "nuv": [
        0,
        0,
        1,
        0,
        0,
        1,
        1,
        1
      ],
      "minPos": {
        "x": -19,
        "y": -23,
        "z": 0
      },
      "maxPos": {
        "x": 19,
        "y": 23,
        "z": 0
      }
    },
    "texture": "7705e141-b469-4815-8318-d9d379b3e7a4@6c48a",
    "packable": true,
    "pixelsToUnit": 100,
    "pivot": {
      "x": 0.5,
      "y": 0.5
    },
    "meshType": 0
  }
}