{
  "d5f26ccf-9918-47b4-b597-145d6fc34a27": {
    "url": "db://assets/resource",
    "value": {},
    "versionCode": 1
  },
  "7d266e91-b071-4bdc-a0d8-9f8ba08e45b9": {
    "url": "db://assets/scripts",
    "value": {},
    "versionCode": 1
  },
  "2838299c-af2b-40ca-88e0-56ce420e2a1f": {
    "url": "db://assets/resource/res",
    "value": {},
    "versionCode": 1
  },
  "8f4d8e0c-9ddc-49d8-8913-c4dc7b74c882": {
    "url": "db://assets/resource/res/res",
    "value": {},
    "versionCode": 1
  },
  "342fb4bf-a228-4a15-8abb-b85db9c5b5a8": {
    "url": "db://assets/resource/res/__MACOSX",
    "value": {},
    "versionCode": 1
  },
  "d7c37f22-945b-41eb-9be7-6c718f750b34": {
    "url": "db://assets/resource/res/res/number",
    "value": {},
    "versionCode": 1
  },
  "cd2506b6-fd40-4406-8a34-730836acefa7": {
    "url": "db://assets/resource/res/res/suits",
    "value": {},
    "versionCode": 1
  },
  "5da0b6c7-4e68-4622-9caa-173833299086": {
    "url": "db://assets/resource/res/__MACOSX/res",
    "value": {},
    "versionCode": 1
  },
  "88552707-1160-404d-a5ff-c800f39cc75c": {
    "url": "db://assets/resource/res/__MACOSX/res/number",
    "value": {},
    "versionCode": 1
  },
  "c9c5a2de-7eab-4d3c-b78e-90af7a3f3ada": {
    "url": "db://assets/resource/res/__MACOSX/res/suits",
    "value": {},
    "versionCode": 1
  },
  "b30f19b8-817b-424d-892c-1b1649391c13": {
    "url": "db://assets/scripts/models/ActionRecord.ts",
    "value": {},
    "versionCode": 1
  },
  "21c43c75-9ef4-4497-8143-14ba60553f1b": {
    "url": "db://assets/scripts/views/CardView.ts",
    "value": {},
    "versionCode": 1
  },
  "bdab47fb-f8d4-42f9-8c42-924b8f717270": {
    "url": "db://assets/scripts/GameManager.ts",
    "value": {},
    "versionCode": 1
  },
  "434fd507-105d-458f-8894-36cc37b854e2": {
    "url": "db://assets/scripts/views/HandAreaView.ts",
    "value": {},
    "versionCode": 1
  },
  "a8f55cd9-10fb-47c7-b049-15da272b92d1": {
    "url": "db://assets/scene.scene",
    "value": {
      "depends": [
        "c4856dc3-bda8-4d74-bc2d-2a8585aca27b@f9941",
        "aa5d683a-e3bc-4a33-9126-f77e8e78eae7@f9941",
        "a375ecc0-0262-415a-9ed4-d2421afd15c9@f9941",
        "133dd2fb-ccd0-4076-a2f2-e7fb71bc9e40@f9941",
        "328419f5-e05a-432b-9148-ef11c3ee0126@f9941",
        "ed9968ff-e4b2-4b83-a8d7-3a3be20f26a4@f9941",
        "76d1c5c0-c11c-42b2-b40b-3c4a8c6fc6de@f9941",
        "1cbbab20-0928-47e1-9082-09f138d23643@f9941",
        "bdee6bfb-7a3d-47d2-8cd5-8f78e0931a52@f9941",
        "67ac3315-8248-4033-83d8-76d737ae0878@f9941",
        "751f5188-5cd2-4de3-a930-0354e185b528@f9941",
        "e1550410-cca2-476a-bb8d-001ec7014ed1@f9941",
        "2f59375e-a574-43e6-a94f-5287ce90bd9a@f9941",
        "b7cffb52-28c8-4d77-a119-92e2cf80c7f8@f9941",
        "45828f25-b50d-4c52-a591-e19491a62b8c@f9941"
      ],
      "dependScripts": [
        "ec64eee7-eb1f-430a-bc02-f23f38b2d7ed",
        "434fd507-105d-458f-8894-36cc37b854e2",
        "21c43c75-9ef4-4497-8143-14ba60553f1b"
      ]
    },
    "versionCode": 2
  },
  "c4856dc3-bda8-4d74-bc2d-2a8585aca27b": {
    "url": "db://assets/resource/background.png",
    "value": {
      "depends": []
    },
    "versionCode": 1
  },
  "aa5d683a-e3bc-4a33-9126-f77e8e78eae7": {
    "url": "db://assets/resource/HandArea.png",
    "value": {
      "depends": []
    },
    "versionCode": 1
  },
  "328419f5-e05a-432b-9148-ef11c3ee0126": {
    "url": "db://assets/resource/res/res/card_general.png",
    "value": {
      "depends": []
    },
    "versionCode": 1
  },
  "67ac3315-8248-4033-83d8-76d737ae0878": {
    "url": "db://assets/resource/res/res/number/big_black_10.png",
    "value": {
      "depends": []
    },
    "versionCode": 1
  },
  "f9c46793-3211-46b1-84a6-cf2cb16563d9": {
    "url": "db://assets/resource/res/res/number/big_black_2.png",
    "value": {
      "depends": []
    },
    "versionCode": 1
  },
  "aa5d683a-e3bc-4a33-9126-f77e8e78eae7@6c48a": {
    "url": "db://assets/resource/HandArea.png@6c48a",
    "value": {
      "depends": [
        "aa5d683a-e3bc-4a33-9126-f77e8e78eae7"
      ]
    },
    "versionCode": 1
  },
  "328419f5-e05a-432b-9148-ef11c3ee0126@6c48a": {
    "url": "db://assets/resource/res/res/card_general.png@6c48a",
    "value": {
      "depends": [
        "328419f5-e05a-432b-9148-ef11c3ee0126"
      ]
    },
    "versionCode": 1
  },
  "c4856dc3-bda8-4d74-bc2d-2a8585aca27b@6c48a": {
    "url": "db://assets/resource/background.png@6c48a",
    "value": {
      "depends": [
        "c4856dc3-bda8-4d74-bc2d-2a8585aca27b"
      ]
    },
    "versionCode": 1
  },
  "f9c46793-3211-46b1-84a6-cf2cb16563d9@6c48a": {
    "url": "db://assets/resource/res/res/number/big_black_2.png@6c48a",
    "value": {
      "depends": [
        "f9c46793-3211-46b1-84a6-cf2cb16563d9"
      ]
    },
    "versionCode": 1
  },
  "328419f5-e05a-432b-9148-ef11c3ee0126@f9941": {
    "url": "db://assets/resource/res/res/card_general.png@f9941",
    "value": {
      "depends": [
        "328419f5-e05a-432b-9148-ef11c3ee0126@6c48a"
      ]
    },
    "versionCode": 1
  },
  "211fad62-47f2-4104-8004-12322909f218": {
    "url": "db://assets/resource/res/res/number/big_black_3.png",
    "value": {
      "depends": []
    },
    "versionCode": 1
  },
  "aa5d683a-e3bc-4a33-9126-f77e8e78eae7@f9941": {
    "url": "db://assets/resource/HandArea.png@f9941",
    "value": {
      "depends": [
        "aa5d683a-e3bc-4a33-9126-f77e8e78eae7@6c48a"
      ]
    },
    "versionCode": 1
  },
  "580ea93a-008a-4491-9483-47cda44ce8ed": {
    "url": "db://assets/resource/res/res/number/big_black_4.png",
    "value": {
      "depends": []
    },
    "versionCode": 1
  },
  "67ac3315-8248-4033-83d8-76d737ae0878@6c48a": {
    "url": "db://assets/resource/res/res/number/big_black_10.png@6c48a",
    "value": {
      "depends": [
        "67ac3315-8248-4033-83d8-76d737ae0878"
      ]
    },
    "versionCode": 1
  },
  "f9c46793-3211-46b1-84a6-cf2cb16563d9@f9941": {
    "url": "db://assets/resource/res/res/number/big_black_2.png@f9941",
    "value": {
      "depends": [
        "f9c46793-3211-46b1-84a6-cf2cb16563d9@6c48a"
      ]
    },
    "versionCode": 1
  },
  "a375ecc0-0262-415a-9ed4-d2421afd15c9": {
    "url": "db://assets/resource/res/res/number/big_black_5.png",
    "value": {
      "depends": []
    },
    "versionCode": 1
  },
  "67ac3315-8248-4033-83d8-76d737ae0878@f9941": {
    "url": "db://assets/resource/res/res/number/big_black_10.png@f9941",
    "value": {
      "depends": [
        "67ac3315-8248-4033-83d8-76d737ae0878@6c48a"
      ]
    },
    "versionCode": 1
  },
  "f7bdae1e-ac07-4ce4-b16d-5b99fc537c42": {
    "url": "db://assets/resource/res/res/number/big_black_6.png",
    "value": {
      "depends": []
    },
    "versionCode": 1
  },
  "211fad62-47f2-4104-8004-12322909f218@6c48a": {
    "url": "db://assets/resource/res/res/number/big_black_3.png@6c48a",
    "value": {
      "depends": [
        "211fad62-47f2-4104-8004-12322909f218"
      ]
    },
    "versionCode": 1
  },
  "211fad62-47f2-4104-8004-12322909f218@f9941": {
    "url": "db://assets/resource/res/res/number/big_black_3.png@f9941",
    "value": {
      "depends": [
        "211fad62-47f2-4104-8004-12322909f218@6c48a"
      ]
    },
    "versionCode": 1
  },
  "2f59375e-a574-43e6-a94f-5287ce90bd9a": {
    "url": "db://assets/resource/res/res/number/big_black_7.png",
    "value": {
      "depends": []
    },
    "versionCode": 1
  },
  "580ea93a-008a-4491-9483-47cda44ce8ed@6c48a": {
    "url": "db://assets/resource/res/res/number/big_black_4.png@6c48a",
    "value": {
      "depends": [
        "580ea93a-008a-4491-9483-47cda44ce8ed"
      ]
    },
    "versionCode": 1
  },
  "a375ecc0-0262-415a-9ed4-d2421afd15c9@6c48a": {
    "url": "db://assets/resource/res/res/number/big_black_5.png@6c48a",
    "value": {
      "depends": [
        "a375ecc0-0262-415a-9ed4-d2421afd15c9"
      ]
    },
    "versionCode": 1
  },
  "580ea93a-008a-4491-9483-47cda44ce8ed@f9941": {
    "url": "db://assets/resource/res/res/number/big_black_4.png@f9941",
    "value": {
      "depends": [
        "580ea93a-008a-4491-9483-47cda44ce8ed@6c48a"
      ]
    },
    "versionCode": 1
  },
  "ab11a532-2e3e-4147-a713-f321595832da": {
    "url": "db://assets/resource/res/res/number/big_black_8.png",
    "value": {
      "depends": []
    },
    "versionCode": 1
  },
  "c4856dc3-bda8-4d74-bc2d-2a8585aca27b@f9941": {
    "url": "db://assets/resource/background.png@f9941",
    "value": {
      "depends": [
        "c4856dc3-bda8-4d74-bc2d-2a8585aca27b@6c48a"
      ]
    },
    "versionCode": 1
  },
  "c5f933de-73af-4b7e-839e-346a988e590b": {
    "url": "db://assets/resource/res/res/number/big_black_9.png",
    "value": {
      "depends": []
    },
    "versionCode": 1
  },
  "a375ecc0-0262-415a-9ed4-d2421afd15c9@f9941": {
    "url": "db://assets/resource/res/res/number/big_black_5.png@f9941",
    "value": {
      "depends": [
        "a375ecc0-0262-415a-9ed4-d2421afd15c9@6c48a"
      ]
    },
    "versionCode": 1
  },
  "2d0a1b67-57cb-4722-9d6c-927f55076977": {
    "url": "db://assets/resource/res/res/number/big_black_A.png",
    "value": {
      "depends": []
    },
    "versionCode": 1
  },
  "f7bdae1e-ac07-4ce4-b16d-5b99fc537c42@6c48a": {
    "url": "db://assets/resource/res/res/number/big_black_6.png@6c48a",
    "value": {
      "depends": [
        "f7bdae1e-ac07-4ce4-b16d-5b99fc537c42"
      ]
    },
    "versionCode": 1
  },
  "ab11a532-2e3e-4147-a713-f321595832da@6c48a": {
    "url": "db://assets/resource/res/res/number/big_black_8.png@6c48a",
    "value": {
      "depends": [
        "ab11a532-2e3e-4147-a713-f321595832da"
      ]
    },
    "versionCode": 1
  },
  "f7bdae1e-ac07-4ce4-b16d-5b99fc537c42@f9941": {
    "url": "db://assets/resource/res/res/number/big_black_6.png@f9941",
    "value": {
      "depends": [
        "f7bdae1e-ac07-4ce4-b16d-5b99fc537c42@6c48a"
      ]
    },
    "versionCode": 1
  },
  "86e13fa6-90c4-42f2-b8a2-08ab60b9aaf4": {
    "url": "db://assets/resource/res/res/number/big_black_J.png",
    "value": {
      "depends": []
    },
    "versionCode": 1
  },
  "2f59375e-a574-43e6-a94f-5287ce90bd9a@6c48a": {
    "url": "db://assets/resource/res/res/number/big_black_7.png@6c48a",
    "value": {
      "depends": [
        "2f59375e-a574-43e6-a94f-5287ce90bd9a"
      ]
    },
    "versionCode": 1
  },
  "c5f933de-73af-4b7e-839e-346a988e590b@6c48a": {
    "url": "db://assets/resource/res/res/number/big_black_9.png@6c48a",
    "value": {
      "depends": [
        "c5f933de-73af-4b7e-839e-346a988e590b"
      ]
    },
    "versionCode": 1
  },
  "ab11a532-2e3e-4147-a713-f321595832da@f9941": {
    "url": "db://assets/resource/res/res/number/big_black_8.png@f9941",
    "value": {
      "depends": [
        "ab11a532-2e3e-4147-a713-f321595832da@6c48a"
      ]
    },
    "versionCode": 1
  },
  "ce398562-01a9-4c65-9d25-b98afde21cf2": {
    "url": "db://assets/resource/res/res/number/big_black_K.png",
    "value": {
      "depends": []
    },
    "versionCode": 1
  },
  "2f59375e-a574-43e6-a94f-5287ce90bd9a@f9941": {
    "url": "db://assets/resource/res/res/number/big_black_7.png@f9941",
    "value": {
      "depends": [
        "2f59375e-a574-43e6-a94f-5287ce90bd9a@6c48a"
      ]
    },
    "versionCode": 1
  },
  "c5f933de-73af-4b7e-839e-346a988e590b@f9941": {
    "url": "db://assets/resource/res/res/number/big_black_9.png@f9941",
    "value": {
      "depends": [
        "c5f933de-73af-4b7e-839e-346a988e590b@6c48a"
      ]
    },
    "versionCode": 1
  },
  "e1a6c863-fcc5-4329-87c1-9f637987a887": {
    "url": "db://assets/resource/res/res/number/big_black_Q.png",
    "value": {
      "depends": []
    },
    "versionCode": 1
  },
  "077ccdca-8532-4d7b-8a8f-e98c5908f047": {
    "url": "db://assets/resource/res/res/number/big_red_10.png",
    "value": {
      "depends": []
    },
    "versionCode": 1
  },
  "2d0a1b67-57cb-4722-9d6c-927f55076977@6c48a": {
    "url": "db://assets/resource/res/res/number/big_black_A.png@6c48a",
    "value": {
      "depends": [
        "2d0a1b67-57cb-4722-9d6c-927f55076977"
      ]
    },
    "versionCode": 1
  },
  "86e13fa6-90c4-42f2-b8a2-08ab60b9aaf4@6c48a": {
    "url": "db://assets/resource/res/res/number/big_black_J.png@6c48a",
    "value": {
      "depends": [
        "86e13fa6-90c4-42f2-b8a2-08ab60b9aaf4"
      ]
    },
    "versionCode": 1
  },
  "2d0a1b67-57cb-4722-9d6c-927f55076977@f9941": {
    "url": "db://assets/resource/res/res/number/big_black_A.png@f9941",
    "value": {
      "depends": [
        "2d0a1b67-57cb-4722-9d6c-927f55076977@6c48a"
      ]
    },
    "versionCode": 1
  },
  "38848658-4063-45c9-8099-a043804a3770": {
    "url": "db://assets/resource/res/res/number/big_red_2.png",
    "value": {
      "depends": []
    },
    "versionCode": 1
  },
  "86e13fa6-90c4-42f2-b8a2-08ab60b9aaf4@f9941": {
    "url": "db://assets/resource/res/res/number/big_black_J.png@f9941",
    "value": {
      "depends": [
        "86e13fa6-90c4-42f2-b8a2-08ab60b9aaf4@6c48a"
      ]
    },
    "versionCode": 1
  },
  "706fc25a-0d6b-4158-b580-122e68be1534": {
    "url": "db://assets/resource/res/res/number/big_red_3.png",
    "value": {
      "depends": []
    },
    "versionCode": 1
  },
  "ce398562-01a9-4c65-9d25-b98afde21cf2@6c48a": {
    "url": "db://assets/resource/res/res/number/big_black_K.png@6c48a",
    "value": {
      "depends": [
        "ce398562-01a9-4c65-9d25-b98afde21cf2"
      ]
    },
    "versionCode": 1
  },
  "e1a6c863-fcc5-4329-87c1-9f637987a887@6c48a": {
    "url": "db://assets/resource/res/res/number/big_black_Q.png@6c48a",
    "value": {
      "depends": [
        "e1a6c863-fcc5-4329-87c1-9f637987a887"
      ]
    },
    "versionCode": 1
  },
  "077ccdca-8532-4d7b-8a8f-e98c5908f047@6c48a": {
    "url": "db://assets/resource/res/res/number/big_red_10.png@6c48a",
    "value": {
      "depends": [
        "077ccdca-8532-4d7b-8a8f-e98c5908f047"
      ]
    },
    "versionCode": 1
  },
  "ce398562-01a9-4c65-9d25-b98afde21cf2@f9941": {
    "url": "db://assets/resource/res/res/number/big_black_K.png@f9941",
    "value": {
      "depends": [
        "ce398562-01a9-4c65-9d25-b98afde21cf2@6c48a"
      ]
    },
    "versionCode": 1
  },
  "b7cffb52-28c8-4d77-a119-92e2cf80c7f8": {
    "url": "db://assets/resource/res/res/number/big_red_4.png",
    "value": {
      "depends": []
    },
    "versionCode": 1
  },
  "e1a6c863-fcc5-4329-87c1-9f637987a887@f9941": {
    "url": "db://assets/resource/res/res/number/big_black_Q.png@f9941",
    "value": {
      "depends": [
        "e1a6c863-fcc5-4329-87c1-9f637987a887@6c48a"
      ]
    },
    "versionCode": 1
  },
  "ec3438a1-6db4-456f-833c-a8c3a74c46bf": {
    "url": "db://assets/resource/res/res/number/big_red_5.png",
    "value": {
      "depends": []
    },
    "versionCode": 1
  },
  "077ccdca-8532-4d7b-8a8f-e98c5908f047@f9941": {
    "url": "db://assets/resource/res/res/number/big_red_10.png@f9941",
    "value": {
      "depends": [
        "077ccdca-8532-4d7b-8a8f-e98c5908f047@6c48a"
      ]
    },
    "versionCode": 1
  },
  "3906466b-cc55-429a-b7a0-67cdd548a56b": {
    "url": "db://assets/resource/res/res/number/big_red_6.png",
    "value": {
      "depends": []
    },
    "versionCode": 1
  },
  "706fc25a-0d6b-4158-b580-122e68be1534@6c48a": {
    "url": "db://assets/resource/res/res/number/big_red_3.png@6c48a",
    "value": {
      "depends": [
        "706fc25a-0d6b-4158-b580-122e68be1534"
      ]
    },
    "versionCode": 1
  },
  "38848658-4063-45c9-8099-a043804a3770@6c48a": {
    "url": "db://assets/resource/res/res/number/big_red_2.png@6c48a",
    "value": {
      "depends": [
        "38848658-4063-45c9-8099-a043804a3770"
      ]
    },
    "versionCode": 1
  },
  "b7cffb52-28c8-4d77-a119-92e2cf80c7f8@6c48a": {
    "url": "db://assets/resource/res/res/number/big_red_4.png@6c48a",
    "value": {
      "depends": [
        "b7cffb52-28c8-4d77-a119-92e2cf80c7f8"
      ]
    },
    "versionCode": 1
  },
  "706fc25a-0d6b-4158-b580-122e68be1534@f9941": {
    "url": "db://assets/resource/res/res/number/big_red_3.png@f9941",
    "value": {
      "depends": [
        "706fc25a-0d6b-4158-b580-122e68be1534@6c48a"
      ]
    },
    "versionCode": 1
  },
  "3e70e49e-d184-4937-8bc7-7451c0b35b28": {
    "url": "db://assets/resource/res/res/number/big_red_7.png",
    "value": {
      "depends": []
    },
    "versionCode": 1
  },
  "ec3438a1-6db4-456f-833c-a8c3a74c46bf@6c48a": {
    "url": "db://assets/resource/res/res/number/big_red_5.png@6c48a",
    "value": {
      "depends": [
        "ec3438a1-6db4-456f-833c-a8c3a74c46bf"
      ]
    },
    "versionCode": 1
  },
  "38848658-4063-45c9-8099-a043804a3770@f9941": {
    "url": "db://assets/resource/res/res/number/big_red_2.png@f9941",
    "value": {
      "depends": [
        "38848658-4063-45c9-8099-a043804a3770@6c48a"
      ]
    },
    "versionCode": 1
  },
  "8ba0b33d-4f4d-4828-b9a5-cf4e7578460f": {
    "url": "db://assets/resource/res/res/number/big_red_8.png",
    "value": {
      "depends": []
    },
    "versionCode": 1
  },
  "b7cffb52-28c8-4d77-a119-92e2cf80c7f8@f9941": {
    "url": "db://assets/resource/res/res/number/big_red_4.png@f9941",
    "value": {
      "depends": [
        "b7cffb52-28c8-4d77-a119-92e2cf80c7f8@6c48a"
      ]
    },
    "versionCode": 1
  },
  "1cbbab20-0928-47e1-9082-09f138d23643": {
    "url": "db://assets/resource/res/res/number/big_red_9.png",
    "value": {
      "depends": []
    },
    "versionCode": 1
  },
  "3906466b-cc55-429a-b7a0-67cdd548a56b@6c48a": {
    "url": "db://assets/resource/res/res/number/big_red_6.png@6c48a",
    "value": {
      "depends": [
        "3906466b-cc55-429a-b7a0-67cdd548a56b"
      ]
    },
    "versionCode": 1
  },
  "ec3438a1-6db4-456f-833c-a8c3a74c46bf@f9941": {
    "url": "db://assets/resource/res/res/number/big_red_5.png@f9941",
    "value": {
      "depends": [
        "ec3438a1-6db4-456f-833c-a8c3a74c46bf@6c48a"
      ]
    },
    "versionCode": 1
  },
  "e1550410-cca2-476a-bb8d-001ec7014ed1": {
    "url": "db://assets/resource/res/res/number/big_red_A.png",
    "value": {
      "depends": []
    },
    "versionCode": 1
  },
  "3906466b-cc55-429a-b7a0-67cdd548a56b@f9941": {
    "url": "db://assets/resource/res/res/number/big_red_6.png@f9941",
    "value": {
      "depends": [
        "3906466b-cc55-429a-b7a0-67cdd548a56b@6c48a"
      ]
    },
    "versionCode": 1
  },
  "5ec4306d-1d0f-4494-91b7-8e44fb91d0e5": {
    "url": "db://assets/resource/res/res/number/big_red_J.png",
    "value": {
      "depends": []
    },
    "versionCode": 1
  },
  "3e70e49e-d184-4937-8bc7-7451c0b35b28@6c48a": {
    "url": "db://assets/resource/res/res/number/big_red_7.png@6c48a",
    "value": {
      "depends": [
        "3e70e49e-d184-4937-8bc7-7451c0b35b28"
      ]
    },
    "versionCode": 1
  },
  "8ba0b33d-4f4d-4828-b9a5-cf4e7578460f@6c48a": {
    "url": "db://assets/resource/res/res/number/big_red_8.png@6c48a",
    "value": {
      "depends": [
        "8ba0b33d-4f4d-4828-b9a5-cf4e7578460f"
      ]
    },
    "versionCode": 1
  },
  "3e70e49e-d184-4937-8bc7-7451c0b35b28@f9941": {
    "url": "db://assets/resource/res/res/number/big_red_7.png@f9941",
    "value": {
      "depends": [
        "3e70e49e-d184-4937-8bc7-7451c0b35b28@6c48a"
      ]
    },
    "versionCode": 1
  },
  "c10565a1-05e5-4d43-ae83-2ca77e83c6a2": {
    "url": "db://assets/resource/res/res/number/big_red_K.png",
    "value": {
      "depends": []
    },
    "versionCode": 1
  },
  "8ba0b33d-4f4d-4828-b9a5-cf4e7578460f@f9941": {
    "url": "db://assets/resource/res/res/number/big_red_8.png@f9941",
    "value": {
      "depends": [
        "8ba0b33d-4f4d-4828-b9a5-cf4e7578460f@6c48a"
      ]
    },
    "versionCode": 1
  },
  "ed9968ff-e4b2-4b83-a8d7-3a3be20f26a4": {
    "url": "db://assets/resource/res/res/number/big_red_Q.png",
    "value": {
      "depends": []
    },
    "versionCode": 1
  },
  "e1550410-cca2-476a-bb8d-001ec7014ed1@6c48a": {
    "url": "db://assets/resource/res/res/number/big_red_A.png@6c48a",
    "value": {
      "depends": [
        "e1550410-cca2-476a-bb8d-001ec7014ed1"
      ]
    },
    "versionCode": 1
  },
  "1cbbab20-0928-47e1-9082-09f138d23643@6c48a": {
    "url": "db://assets/resource/res/res/number/big_red_9.png@6c48a",
    "value": {
      "depends": [
        "1cbbab20-0928-47e1-9082-09f138d23643"
      ]
    },
    "versionCode": 1
  },
  "e1550410-cca2-476a-bb8d-001ec7014ed1@f9941": {
    "url": "db://assets/resource/res/res/number/big_red_A.png@f9941",
    "value": {
      "depends": [
        "e1550410-cca2-476a-bb8d-001ec7014ed1@6c48a"
      ]
    },
    "versionCode": 1
  },
  "e750ad2e-0e03-496e-a237-f7fd28818924": {
    "url": "db://assets/resource/res/res/number/small_black_10.png",
    "value": {
      "depends": []
    },
    "versionCode": 1
  },
  "1cbbab20-0928-47e1-9082-09f138d23643@f9941": {
    "url": "db://assets/resource/res/res/number/big_red_9.png@f9941",
    "value": {
      "depends": [
        "1cbbab20-0928-47e1-9082-09f138d23643@6c48a"
      ]
    },
    "versionCode": 1
  },
  "f20544b7-3210-490c-8372-6041b0c47327": {
    "url": "db://assets/resource/res/res/number/small_black_2.png",
    "value": {
      "depends": []
    },
    "versionCode": 1
  },
  "5ec4306d-1d0f-4494-91b7-8e44fb91d0e5@6c48a": {
    "url": "db://assets/resource/res/res/number/big_red_J.png@6c48a",
    "value": {
      "depends": [
        "5ec4306d-1d0f-4494-91b7-8e44fb91d0e5"
      ]
    },
    "versionCode": 1
  },
  "c10565a1-05e5-4d43-ae83-2ca77e83c6a2@6c48a": {
    "url": "db://assets/resource/res/res/number/big_red_K.png@6c48a",
    "value": {
      "depends": [
        "c10565a1-05e5-4d43-ae83-2ca77e83c6a2"
      ]
    },
    "versionCode": 1
  },
  "5ec4306d-1d0f-4494-91b7-8e44fb91d0e5@f9941": {
    "url": "db://assets/resource/res/res/number/big_red_J.png@f9941",
    "value": {
      "depends": [
        "5ec4306d-1d0f-4494-91b7-8e44fb91d0e5@6c48a"
      ]
    },
    "versionCode": 1
  },
  "d99995f0-70b3-481f-9604-e23a6af93e69": {
    "url": "db://assets/resource/res/res/number/small_black_3.png",
    "value": {
      "depends": []
    },
    "versionCode": 1
  },
  "ed9968ff-e4b2-4b83-a8d7-3a3be20f26a4@6c48a": {
    "url": "db://assets/resource/res/res/number/big_red_Q.png@6c48a",
    "value": {
      "depends": [
        "ed9968ff-e4b2-4b83-a8d7-3a3be20f26a4"
      ]
    },
    "versionCode": 1
  },
  "e750ad2e-0e03-496e-a237-f7fd28818924@6c48a": {
    "url": "db://assets/resource/res/res/number/small_black_10.png@6c48a",
    "value": {
      "depends": [
        "e750ad2e-0e03-496e-a237-f7fd28818924"
      ]
    },
    "versionCode": 1
  },
  "c10565a1-05e5-4d43-ae83-2ca77e83c6a2@f9941": {
    "url": "db://assets/resource/res/res/number/big_red_K.png@f9941",
    "value": {
      "depends": [
        "c10565a1-05e5-4d43-ae83-2ca77e83c6a2@6c48a"
      ]
    },
    "versionCode": 1
  },
  "40f8bafc-28b3-4ef9-9192-84998539d13c": {
    "url": "db://assets/resource/res/res/number/small_black_4.png",
    "value": {
      "depends": []
    },
    "versionCode": 1
  },
  "ed9968ff-e4b2-4b83-a8d7-3a3be20f26a4@f9941": {
    "url": "db://assets/resource/res/res/number/big_red_Q.png@f9941",
    "value": {
      "depends": [
        "ed9968ff-e4b2-4b83-a8d7-3a3be20f26a4@6c48a"
      ]
    },
    "versionCode": 1
  },
  "b692b17d-a722-458d-b7e4-ccc61fc10511": {
    "url": "db://assets/resource/res/res/number/small_black_5.png",
    "value": {
      "depends": []
    },
    "versionCode": 1
  },
  "e750ad2e-0e03-496e-a237-f7fd28818924@f9941": {
    "url": "db://assets/resource/res/res/number/small_black_10.png@f9941",
    "value": {
      "depends": [
        "e750ad2e-0e03-496e-a237-f7fd28818924@6c48a"
      ]
    },
    "versionCode": 1
  },
  "5f8cedbc-a9b0-44da-9b02-7d18718a1c86": {
    "url": "db://assets/resource/res/res/number/small_black_6.png",
    "value": {
      "depends": []
    },
    "versionCode": 1
  },
  "f20544b7-3210-490c-8372-6041b0c47327@6c48a": {
    "url": "db://assets/resource/res/res/number/small_black_2.png@6c48a",
    "value": {
      "depends": [
        "f20544b7-3210-490c-8372-6041b0c47327"
      ]
    },
    "versionCode": 1
  },
  "d99995f0-70b3-481f-9604-e23a6af93e69@6c48a": {
    "url": "db://assets/resource/res/res/number/small_black_3.png@6c48a",
    "value": {
      "depends": [
        "d99995f0-70b3-481f-9604-e23a6af93e69"
      ]
    },
    "versionCode": 1
  },
  "40f8bafc-28b3-4ef9-9192-84998539d13c@6c48a": {
    "url": "db://assets/resource/res/res/number/small_black_4.png@6c48a",
    "value": {
      "depends": [
        "40f8bafc-28b3-4ef9-9192-84998539d13c"
      ]
    },
    "versionCode": 1
  },
  "f20544b7-3210-490c-8372-6041b0c47327@f9941": {
    "url": "db://assets/resource/res/res/number/small_black_2.png@f9941",
    "value": {
      "depends": [
        "f20544b7-3210-490c-8372-6041b0c47327@6c48a"
      ]
    },
    "versionCode": 1
  },
  "76255774-b8f5-4ac1-8e18-444f75f5f4a8": {
    "url": "db://assets/resource/res/res/number/small_black_7.png",
    "value": {
      "depends": []
    },
    "versionCode": 1
  },
  "d99995f0-70b3-481f-9604-e23a6af93e69@f9941": {
    "url": "db://assets/resource/res/res/number/small_black_3.png@f9941",
    "value": {
      "depends": [
        "d99995f0-70b3-481f-9604-e23a6af93e69@6c48a"
      ]
    },
    "versionCode": 1
  },
  "34c382ff-7347-46b0-acfd-c27d4654ce31": {
    "url": "db://assets/resource/res/res/number/small_black_8.png",
    "value": {
      "depends": []
    },
    "versionCode": 1
  },
  "b692b17d-a722-458d-b7e4-ccc61fc10511@6c48a": {
    "url": "db://assets/resource/res/res/number/small_black_5.png@6c48a",
    "value": {
      "depends": [
        "b692b17d-a722-458d-b7e4-ccc61fc10511"
      ]
    },
    "versionCode": 1
  },
  "40f8bafc-28b3-4ef9-9192-84998539d13c@f9941": {
    "url": "db://assets/resource/res/res/number/small_black_4.png@f9941",
    "value": {
      "depends": [
        "40f8bafc-28b3-4ef9-9192-84998539d13c@6c48a"
      ]
    },
    "versionCode": 1
  },
  "e895eadb-ffc4-4d88-8535-71e5a93826c1": {
    "url": "db://assets/resource/res/res/number/small_black_9.png",
    "value": {
      "depends": []
    },
    "versionCode": 1
  },
  "b692b17d-a722-458d-b7e4-ccc61fc10511@f9941": {
    "url": "db://assets/resource/res/res/number/small_black_5.png@f9941",
    "value": {
      "depends": [
        "b692b17d-a722-458d-b7e4-ccc61fc10511@6c48a"
      ]
    },
    "versionCode": 1
  },
  "e8ba9568-47b6-40d9-a719-cd2f0e1a156d": {
    "url": "db://assets/resource/res/res/number/small_black_A.png",
    "value": {
      "depends": []
    },
    "versionCode": 1
  },
  "5f8cedbc-a9b0-44da-9b02-7d18718a1c86@6c48a": {
    "url": "db://assets/resource/res/res/number/small_black_6.png@6c48a",
    "value": {
      "depends": [
        "5f8cedbc-a9b0-44da-9b02-7d18718a1c86"
      ]
    },
    "versionCode": 1
  },
  "76255774-b8f5-4ac1-8e18-444f75f5f4a8@6c48a": {
    "url": "db://assets/resource/res/res/number/small_black_7.png@6c48a",
    "value": {
      "depends": [
        "76255774-b8f5-4ac1-8e18-444f75f5f4a8"
      ]
    },
    "versionCode": 1
  },
  "34c382ff-7347-46b0-acfd-c27d4654ce31@6c48a": {
    "url": "db://assets/resource/res/res/number/small_black_8.png@6c48a",
    "value": {
      "depends": [
        "34c382ff-7347-46b0-acfd-c27d4654ce31"
      ]
    },
    "versionCode": 1
  },
  "5f8cedbc-a9b0-44da-9b02-7d18718a1c86@f9941": {
    "url": "db://assets/resource/res/res/number/small_black_6.png@f9941",
    "value": {
      "depends": [
        "5f8cedbc-a9b0-44da-9b02-7d18718a1c86@6c48a"
      ]
    },
    "versionCode": 1
  },
  "84796ead-5a74-44ec-8c1c-2c0a1024087e": {
    "url": "db://assets/resource/res/res/number/small_black_J.png",
    "value": {
      "depends": []
    },
    "versionCode": 1
  },
  "76255774-b8f5-4ac1-8e18-444f75f5f4a8@f9941": {
    "url": "db://assets/resource/res/res/number/small_black_7.png@f9941",
    "value": {
      "depends": [
        "76255774-b8f5-4ac1-8e18-444f75f5f4a8@6c48a"
      ]
    },
    "versionCode": 1
  },
  "f2ab1a70-eaf4-45e6-9b52-b89d7f05ce16": {
    "url": "db://assets/resource/res/res/number/small_black_K.png",
    "value": {
      "depends": []
    },
    "versionCode": 1
  },
  "34c382ff-7347-46b0-acfd-c27d4654ce31@f9941": {
    "url": "db://assets/resource/res/res/number/small_black_8.png@f9941",
    "value": {
      "depends": [
        "34c382ff-7347-46b0-acfd-c27d4654ce31@6c48a"
      ]
    },
    "versionCode": 1
  },
  "28cb7397-d119-4adc-8a50-0fde8863138e": {
    "url": "db://assets/resource/res/res/number/small_black_Q.png",
    "value": {
      "depends": []
    },
    "versionCode": 1
  },
  "e895eadb-ffc4-4d88-8535-71e5a93826c1@6c48a": {
    "url": "db://assets/resource/res/res/number/small_black_9.png@6c48a",
    "value": {
      "depends": [
        "e895eadb-ffc4-4d88-8535-71e5a93826c1"
      ]
    },
    "versionCode": 1
  },
  "e8ba9568-47b6-40d9-a719-cd2f0e1a156d@6c48a": {
    "url": "db://assets/resource/res/res/number/small_black_A.png@6c48a",
    "value": {
      "depends": [
        "e8ba9568-47b6-40d9-a719-cd2f0e1a156d"
      ]
    },
    "versionCode": 1
  },
  "e895eadb-ffc4-4d88-8535-71e5a93826c1@f9941": {
    "url": "db://assets/resource/res/res/number/small_black_9.png@f9941",
    "value": {
      "depends": [
        "e895eadb-ffc4-4d88-8535-71e5a93826c1@6c48a"
      ]
    },
    "versionCode": 1
  },
  "57143c50-bd17-4f72-805c-0d1acce8bd53": {
    "url": "db://assets/resource/res/res/number/small_red_10.png",
    "value": {
      "depends": []
    },
    "versionCode": 1
  },
  "28cb7397-d119-4adc-8a50-0fde8863138e@6c48a": {
    "url": "db://assets/resource/res/res/number/small_black_Q.png@6c48a",
    "value": {
      "depends": [
        "28cb7397-d119-4adc-8a50-0fde8863138e"
      ]
    },
    "versionCode": 1
  },
  "e8ba9568-47b6-40d9-a719-cd2f0e1a156d@f9941": {
    "url": "db://assets/resource/res/res/number/small_black_A.png@f9941",
    "value": {
      "depends": [
        "e8ba9568-47b6-40d9-a719-cd2f0e1a156d@6c48a"
      ]
    },
    "versionCode": 1
  },
  "0ba2385f-41ba-4a46-8498-9ae558fcf510": {
    "url": "db://assets/resource/res/res/number/small_red_2.png",
    "value": {
      "depends": []
    },
    "versionCode": 1
  },
  "28cb7397-d119-4adc-8a50-0fde8863138e@f9941": {
    "url": "db://assets/resource/res/res/number/small_black_Q.png@f9941",
    "value": {
      "depends": [
        "28cb7397-d119-4adc-8a50-0fde8863138e@6c48a"
      ]
    },
    "versionCode": 1
  },
  "b71b783c-440b-43e2-b8ba-45b309863f32": {
    "url": "db://assets/resource/res/res/number/small_red_3.png",
    "value": {
      "depends": []
    },
    "versionCode": 1
  },
  "84796ead-5a74-44ec-8c1c-2c0a1024087e@6c48a": {
    "url": "db://assets/resource/res/res/number/small_black_J.png@6c48a",
    "value": {
      "depends": [
        "84796ead-5a74-44ec-8c1c-2c0a1024087e"
      ]
    },
    "versionCode": 1
  },
  "f2ab1a70-eaf4-45e6-9b52-b89d7f05ce16@6c48a": {
    "url": "db://assets/resource/res/res/number/small_black_K.png@6c48a",
    "value": {
      "depends": [
        "f2ab1a70-eaf4-45e6-9b52-b89d7f05ce16"
      ]
    },
    "versionCode": 1
  },
  "57143c50-bd17-4f72-805c-0d1acce8bd53@6c48a": {
    "url": "db://assets/resource/res/res/number/small_red_10.png@6c48a",
    "value": {
      "depends": [
        "57143c50-bd17-4f72-805c-0d1acce8bd53"
      ]
    },
    "versionCode": 1
  },
  "84796ead-5a74-44ec-8c1c-2c0a1024087e@f9941": {
    "url": "db://assets/resource/res/res/number/small_black_J.png@f9941",
    "value": {
      "depends": [
        "84796ead-5a74-44ec-8c1c-2c0a1024087e@6c48a"
      ]
    },
    "versionCode": 1
  },
  "6714b25f-da89-46b2-b20c-9b9f46a3d193": {
    "url": "db://assets/resource/res/res/number/small_red_4.png",
    "value": {
      "depends": []
    },
    "versionCode": 1
  },
  "f2ab1a70-eaf4-45e6-9b52-b89d7f05ce16@f9941": {
    "url": "db://assets/resource/res/res/number/small_black_K.png@f9941",
    "value": {
      "depends": [
        "f2ab1a70-eaf4-45e6-9b52-b89d7f05ce16@6c48a"
      ]
    },
    "versionCode": 1
  },
  "94b3dd37-7c29-4564-a15f-5011b25e3560": {
    "url": "db://assets/resource/res/res/number/small_red_5.png",
    "value": {
      "depends": []
    },
    "versionCode": 1
  },
  "57143c50-bd17-4f72-805c-0d1acce8bd53@f9941": {
    "url": "db://assets/resource/res/res/number/small_red_10.png@f9941",
    "value": {
      "depends": [
        "57143c50-bd17-4f72-805c-0d1acce8bd53@6c48a"
      ]
    },
    "versionCode": 1
  },
  "04c63336-e320-4765-a6d3-0183944ff87f": {
    "url": "db://assets/resource/res/res/number/small_red_6.png",
    "value": {
      "depends": []
    },
    "versionCode": 1
  },
  "0ba2385f-41ba-4a46-8498-9ae558fcf510@6c48a": {
    "url": "db://assets/resource/res/res/number/small_red_2.png@6c48a",
    "value": {
      "depends": [
        "0ba2385f-41ba-4a46-8498-9ae558fcf510"
      ]
    },
    "versionCode": 1
  },
  "b71b783c-440b-43e2-b8ba-45b309863f32@6c48a": {
    "url": "db://assets/resource/res/res/number/small_red_3.png@6c48a",
    "value": {
      "depends": [
        "b71b783c-440b-43e2-b8ba-45b309863f32"
      ]
    },
    "versionCode": 1
  },
  "0ba2385f-41ba-4a46-8498-9ae558fcf510@f9941": {
    "url": "db://assets/resource/res/res/number/small_red_2.png@f9941",
    "value": {
      "depends": [
        "0ba2385f-41ba-4a46-8498-9ae558fcf510@6c48a"
      ]
    },
    "versionCode": 1
  },
  "54a62efa-654a-4efe-9d79-ae3be3e584e1": {
    "url": "db://assets/resource/res/res/number/small_red_7.png",
    "value": {
      "depends": []
    },
    "versionCode": 1
  },
  "b71b783c-440b-43e2-b8ba-45b309863f32@f9941": {
    "url": "db://assets/resource/res/res/number/small_red_3.png@f9941",
    "value": {
      "depends": [
        "b71b783c-440b-43e2-b8ba-45b309863f32@6c48a"
      ]
    },
    "versionCode": 1
  },
  "526f398c-0733-48ea-9e88-4ae80f9ac9fe": {
    "url": "db://assets/resource/res/res/number/small_red_8.png",
    "value": {
      "depends": []
    },
    "versionCode": 1
  },
  "94b3dd37-7c29-4564-a15f-5011b25e3560@6c48a": {
    "url": "db://assets/resource/res/res/number/small_red_5.png@6c48a",
    "value": {
      "depends": [
        "94b3dd37-7c29-4564-a15f-5011b25e3560"
      ]
    },
    "versionCode": 1
  },
  "6714b25f-da89-46b2-b20c-9b9f46a3d193@6c48a": {
    "url": "db://assets/resource/res/res/number/small_red_4.png@6c48a",
    "value": {
      "depends": [
        "6714b25f-da89-46b2-b20c-9b9f46a3d193"
      ]
    },
    "versionCode": 1
  },
  "94b3dd37-7c29-4564-a15f-5011b25e3560@f9941": {
    "url": "db://assets/resource/res/res/number/small_red_5.png@f9941",
    "value": {
      "depends": [
        "94b3dd37-7c29-4564-a15f-5011b25e3560@6c48a"
      ]
    },
    "versionCode": 1
  },
  "35f2bf4d-ed05-43ca-be01-dd2bfbc50280": {
    "url": "db://assets/resource/res/res/number/small_red_9.png",
    "value": {
      "depends": []
    },
    "versionCode": 1
  },
  "04c63336-e320-4765-a6d3-0183944ff87f@6c48a": {
    "url": "db://assets/resource/res/res/number/small_red_6.png@6c48a",
    "value": {
      "depends": [
        "04c63336-e320-4765-a6d3-0183944ff87f"
      ]
    },
    "versionCode": 1
  },
  "54a62efa-654a-4efe-9d79-ae3be3e584e1@6c48a": {
    "url": "db://assets/resource/res/res/number/small_red_7.png@6c48a",
    "value": {
      "depends": [
        "54a62efa-654a-4efe-9d79-ae3be3e584e1"
      ]
    },
    "versionCode": 1
  },
  "6714b25f-da89-46b2-b20c-9b9f46a3d193@f9941": {
    "url": "db://assets/resource/res/res/number/small_red_4.png@f9941",
    "value": {
      "depends": [
        "6714b25f-da89-46b2-b20c-9b9f46a3d193@6c48a"
      ]
    },
    "versionCode": 1
  },
  "7705e141-b469-4815-8318-d9d379b3e7a4": {
    "url": "db://assets/resource/res/res/number/small_red_A.png",
    "value": {
      "depends": []
    },
    "versionCode": 1
  },
  "04c63336-e320-4765-a6d3-0183944ff87f@f9941": {
    "url": "db://assets/resource/res/res/number/small_red_6.png@f9941",
    "value": {
      "depends": [
        "04c63336-e320-4765-a6d3-0183944ff87f@6c48a"
      ]
    },
    "versionCode": 1
  },
  "54a62efa-654a-4efe-9d79-ae3be3e584e1@f9941": {
    "url": "db://assets/resource/res/res/number/small_red_7.png@f9941",
    "value": {
      "depends": [
        "54a62efa-654a-4efe-9d79-ae3be3e584e1@6c48a"
      ]
    },
    "versionCode": 1
  },
  "db215ec4-8872-4ec3-9284-4674e5cdc847": {
    "url": "db://assets/resource/res/res/number/small_red_J.png",
    "value": {
      "depends": []
    },
    "versionCode": 1
  },
  "780f6e11-d1d5-4b33-bdb1-d15b7bf9129f": {
    "url": "db://assets/resource/res/res/number/small_red_K.png",
    "value": {
      "depends": []
    },
    "versionCode": 1
  },
  "35f2bf4d-ed05-43ca-be01-dd2bfbc50280@6c48a": {
    "url": "db://assets/resource/res/res/number/small_red_9.png@6c48a",
    "value": {
      "depends": [
        "35f2bf4d-ed05-43ca-be01-dd2bfbc50280"
      ]
    },
    "versionCode": 1
  },
  "526f398c-0733-48ea-9e88-4ae80f9ac9fe@6c48a": {
    "url": "db://assets/resource/res/res/number/small_red_8.png@6c48a",
    "value": {
      "depends": [
        "526f398c-0733-48ea-9e88-4ae80f9ac9fe"
      ]
    },
    "versionCode": 1
  },
  "35f2bf4d-ed05-43ca-be01-dd2bfbc50280@f9941": {
    "url": "db://assets/resource/res/res/number/small_red_9.png@f9941",
    "value": {
      "depends": [
        "35f2bf4d-ed05-43ca-be01-dd2bfbc50280@6c48a"
      ]
    },
    "versionCode": 1
  },
  "cd9acaec-db2f-4008-b5e2-86fca38757a5": {
    "url": "db://assets/resource/res/res/number/small_red_Q.png",
    "value": {
      "depends": []
    },
    "versionCode": 1
  },
  "780f6e11-d1d5-4b33-bdb1-d15b7bf9129f@6c48a": {
    "url": "db://assets/resource/res/res/number/small_red_K.png@6c48a",
    "value": {
      "depends": [
        "780f6e11-d1d5-4b33-bdb1-d15b7bf9129f"
      ]
    },
    "versionCode": 1
  },
  "db215ec4-8872-4ec3-9284-4674e5cdc847@6c48a": {
    "url": "db://assets/resource/res/res/number/small_red_J.png@6c48a",
    "value": {
      "depends": [
        "db215ec4-8872-4ec3-9284-4674e5cdc847"
      ]
    },
    "versionCode": 1
  },
  "526f398c-0733-48ea-9e88-4ae80f9ac9fe@f9941": {
    "url": "db://assets/resource/res/res/number/small_red_8.png@f9941",
    "value": {
      "depends": [
        "526f398c-0733-48ea-9e88-4ae80f9ac9fe@6c48a"
      ]
    },
    "versionCode": 1
  },
  "133dd2fb-ccd0-4076-a2f2-e7fb71bc9e40": {
    "url": "db://assets/resource/res/res/suits/club.png",
    "value": {
      "depends": []
    },
    "versionCode": 1
  },
  "db215ec4-8872-4ec3-9284-4674e5cdc847@f9941": {
    "url": "db://assets/resource/res/res/number/small_red_J.png@f9941",
    "value": {
      "depends": [
        "db215ec4-8872-4ec3-9284-4674e5cdc847@6c48a"
      ]
    },
    "versionCode": 1
  },
  "76d1c5c0-c11c-42b2-b40b-3c4a8c6fc6de": {
    "url": "db://assets/resource/res/res/suits/diamond.png",
    "value": {
      "depends": []
    },
    "versionCode": 1
  },
  "780f6e11-d1d5-4b33-bdb1-d15b7bf9129f@f9941": {
    "url": "db://assets/resource/res/res/number/small_red_K.png@f9941",
    "value": {
      "depends": [
        "780f6e11-d1d5-4b33-bdb1-d15b7bf9129f@6c48a"
      ]
    },
    "versionCode": 1
  },
  "bdee6bfb-7a3d-47d2-8cd5-8f78e0931a52": {
    "url": "db://assets/resource/res/res/suits/heart.png",
    "value": {
      "depends": []
    },
    "versionCode": 1
  },
  "7705e141-b469-4815-8318-d9d379b3e7a4@6c48a": {
    "url": "db://assets/resource/res/res/number/small_red_A.png@6c48a",
    "value": {
      "depends": [
        "7705e141-b469-4815-8318-d9d379b3e7a4"
      ]
    },
    "versionCode": 1
  },
  "7705e141-b469-4815-8318-d9d379b3e7a4@f9941": {
    "url": "db://assets/resource/res/res/number/small_red_A.png@f9941",
    "value": {
      "depends": [
        "7705e141-b469-4815-8318-d9d379b3e7a4@6c48a"
      ]
    },
    "versionCode": 1
  },
  "751f5188-5cd2-4de3-a930-0354e185b528": {
    "url": "db://assets/resource/res/res/suits/spade.png",
    "value": {
      "depends": []
    },
    "versionCode": 1
  },
  "cd9acaec-db2f-4008-b5e2-86fca38757a5@6c48a": {
    "url": "db://assets/resource/res/res/number/small_red_Q.png@6c48a",
    "value": {
      "depends": [
        "cd9acaec-db2f-4008-b5e2-86fca38757a5"
      ]
    },
    "versionCode": 1
  },
  "76d1c5c0-c11c-42b2-b40b-3c4a8c6fc6de@6c48a": {
    "url": "db://assets/resource/res/res/suits/diamond.png@6c48a",
    "value": {
      "depends": [
        "76d1c5c0-c11c-42b2-b40b-3c4a8c6fc6de"
      ]
    },
    "versionCode": 1
  },
  "cd9acaec-db2f-4008-b5e2-86fca38757a5@f9941": {
    "url": "db://assets/resource/res/res/number/small_red_Q.png@f9941",
    "value": {
      "depends": [
        "cd9acaec-db2f-4008-b5e2-86fca38757a5@6c48a"
      ]
    },
    "versionCode": 1
  },
  "133dd2fb-ccd0-4076-a2f2-e7fb71bc9e40@6c48a": {
    "url": "db://assets/resource/res/res/suits/club.png@6c48a",
    "value": {
      "depends": [
        "133dd2fb-ccd0-4076-a2f2-e7fb71bc9e40"
      ]
    },
    "versionCode": 1
  },
  "76d1c5c0-c11c-42b2-b40b-3c4a8c6fc6de@f9941": {
    "url": "db://assets/resource/res/res/suits/diamond.png@f9941",
    "value": {
      "depends": [
        "76d1c5c0-c11c-42b2-b40b-3c4a8c6fc6de@6c48a"
      ]
    },
    "versionCode": 1
  },
  "751f5188-5cd2-4de3-a930-0354e185b528@6c48a": {
    "url": "db://assets/resource/res/res/suits/spade.png@6c48a",
    "value": {
      "depends": [
        "751f5188-5cd2-4de3-a930-0354e185b528"
      ]
    },
    "versionCode": 1
  },
  "133dd2fb-ccd0-4076-a2f2-e7fb71bc9e40@f9941": {
    "url": "db://assets/resource/res/res/suits/club.png@f9941",
    "value": {
      "depends": [
        "133dd2fb-ccd0-4076-a2f2-e7fb71bc9e40@6c48a"
      ]
    },
    "versionCode": 1
  },
  "bdee6bfb-7a3d-47d2-8cd5-8f78e0931a52@6c48a": {
    "url": "db://assets/resource/res/res/suits/heart.png@6c48a",
    "value": {
      "depends": [
        "bdee6bfb-7a3d-47d2-8cd5-8f78e0931a52"
      ]
    },
    "versionCode": 1
  },
  "751f5188-5cd2-4de3-a930-0354e185b528@f9941": {
    "url": "db://assets/resource/res/res/suits/spade.png@f9941",
    "value": {
      "depends": [
        "751f5188-5cd2-4de3-a930-0354e185b528@6c48a"
      ]
    },
    "versionCode": 1
  },
  "bdee6bfb-7a3d-47d2-8cd5-8f78e0931a52@f9941": {
    "url": "db://assets/resource/res/res/suits/heart.png@f9941",
    "value": {
      "depends": [
        "bdee6bfb-7a3d-47d2-8cd5-8f78e0931a52@6c48a"
      ]
    },
    "versionCode": 1
  },
  "ad42fd45-cdd2-456d-a699-e6a788d1fa0c": {
    "url": "db://assets/scripts/configs",
    "value": {},
    "versionCode": 1
  },
  "5a714eb9-a21e-48a4-bda1-8937bd9b2c98": {
    "url": "db://assets/scripts/controllers",
    "value": {},
    "versionCode": 1
  },
  "b3336d96-50d9-48e3-aecc-461a749a766b": {
    "url": "db://assets/scripts/managers",
    "value": {},
    "versionCode": 1
  },
  "1d2966d8-1d3e-4e8f-b141-909d212fafee": {
    "url": "db://assets/scripts/models",
    "value": {},
    "versionCode": 1
  },
  "17bf7415-d000-4379-931a-ebf47b35697b": {
    "url": "db://assets/scripts/services",
    "value": {},
    "versionCode": 1
  },
  "4cd46a2f-c9c1-4026-a226-d52634ae7194": {
    "url": "db://assets/scripts/utils",
    "value": {},
    "versionCode": 1
  },
  "11c06d23-6e80-4b09-8c2a-adc199747831": {
    "url": "db://assets/scripts/views",
    "value": {},
    "versionCode": 1
  },
  "a55d37b4-9436-40c0-9e0b-bd165ef2eaa9": {
    "url": "db://assets/scripts/services/TableCardRuleService.ts",
    "value": {},
    "versionCode": 1
  },
  "f5e9f280-e502-48d8-b914-1b25b883f21d": {
    "url": "db://assets/scripts/managers/UndoManager.ts",
    "value": {},
    "versionCode": 1
  },
  "ec64eee7-eb1f-430a-bc02-f23f38b2d7ed": {
    "url": "db://assets/scripts/controllers/GameController.ts",
    "value": {},
    "versionCode": 1
  },
  "a381f411-6a2a-424b-9eae-76e6cb452046": {
    "url": "db://assets/scripts/controllers/新建 文本文档.txt",
    "value": {
      "depends": []
    },
    "versionCode": 1
  },
  "5a38be80-c574-43ce-a95f-e0d860988619": {
    "url": "db://assets/scripts/managers/新建 文本文档.txt",
    "value": {
      "depends": []
    },
    "versionCode": 1
  },
  "efed6765-0894-410b-aaf7-08f5b0eff495": {
    "url": "db://assets/scripts/models/新建 文本文档.txt",
    "value": {
      "depends": []
    },
    "versionCode": 1
  },
  "4223af9b-8935-4c3b-a1ff-95cdeefaa5a9": {
    "url": "db://assets/scripts/services/新建 文本文档.txt",
    "value": {
      "depends": []
    },
    "versionCode": 1
  },
  "5326c780-270f-4430-a937-a3bc98e67f2d": {
    "url": "db://assets/scripts/views/新建 文本文档.txt",
    "value": {
      "depends": []
    },
    "versionCode": 1
  },
  "a116806e-a051-469a-80c3-979b9485ed8d": {
    "url": "db://assets/scripts/models/CardModel.ts",
    "value": {},
    "versionCode": 1
  },
  "772d3cf3-8326-46b3-b4a1-4567a45db9a3": {
    "url": "db://assets/scripts/models/GameModel.ts",
    "value": {},
    "versionCode": 1
  },
  "7a407e2e-7fa9-4402-ad9e-80ee75685e7e": {
    "url": "db://assets/scripts/models/UndoModel.ts",
    "value": {},
    "versionCode": 1
  },
  "947d06aa-c664-48c4-bb44-82b81f0b352f": {
    "url": "db://assets/scripts/CardView-001.ts",
    "value": {},
    "versionCode": 1
  },
  "c54174e7-3a85-4689-bb55-ee0711b14a8d": {
    "url": "db://assets/scripts/HandAreaView-001.ts",
    "value": {},
    "versionCode": 1
  },
  "74f7ee51-7f73-48e4-99a7-67cdeb06d41b": {
    "url": "db://assets/scripts/controllers/TestController.ts",
    "value": {},
    "versionCode": 1
  },
  "392732a7-c0b3-4f88-8280-d5e8a3e9a4c7": {
    "url": "db://assets/scripts/configs/models.ts",
    "value": {},
    "versionCode": 1
  },
  "1b87b019-9f88-450e-b7e0-6881d822fd85": {
    "url": "db://assets/scripts/configs/models",
    "value": {},
    "versionCode": 1
  },
  "9a4be45a-bef9-487e-bc97-e53c7bfb1e53": {
    "url": "db://assets/scripts/configs/loaders",
    "value": {},
    "versionCode": 1
  }
}
