{
  "version": "1.0.1",
  "map": {
    "resource": {
      "time": 1766751920284.0542,
      "uuid": "d5f26ccf-9918-47b4-b597-145d6fc34a27"
    },
    "scripts": {
      "time": 1766816974354.9246,
      "uuid": "7d266e91-b071-4bdc-a0d8-9f8ba08e45b9"
    },
    "resource\\res": {
      "time": 1766738939977.5435,
      "uuid": "2838299c-af2b-40ca-88e0-56ce420e2a1f"
    },
    "resource\\res\\res": {
      "time": 1766738390739.3137,
      "uuid": "8f4d8e0c-9ddc-49d8-8913-c4dc7b74c882"
    },
    "resource\\res\\__MACOSX": {
      "time": 1766738390724.2908,
      "uuid": "342fb4bf-a228-4a15-8abb-b85db9c5b5a8"
    },
    "resource\\res\\res\\number": {
      "time": 1766738390779.5574,
      "uuid": "d7c37f22-945b-41eb-9be7-6c718f750b34"
    },
    "resource\\res\\res\\suits": {
      "time": 1766738390782.6033,
      "uuid": "cd2506b6-fd40-4406-8a34-730836acefa7"
    },
    "resource\\res\\__MACOSX\\res": {
      "time": 1766738390726.2898,
      "uuid": "5da0b6c7-4e68-4622-9caa-173833299086"
    },
    "resource\\res\\__MACOSX\\res\\number": {
      "time": 1766738304450.2458,
      "uuid": "88552707-1160-404d-a5ff-c800f39cc75c"
    },
    "resource\\res\\__MACOSX\\res\\suits": {
      "time": 1766738304463.7034,
      "uuid": "c9c5a2de-7eab-4d3c-b78e-90af7a3f3ada"
    },
    "resource.meta": {
      "time": 1766736949656.26
    },
    "scripts.meta": {
      "time": 1766736940564.9795
    },
    "resource\\res.meta": {
      "time": 1766738390729.2908
    },
    "resource\\res\\res.meta": {
      "time": 1766738390732.8083
    },
    "resource\\res\\__MACOSX.meta": {
      "time": 1766738390733.8054
    },
    "resource\\res\\res\\number.meta": {
      "time": 1766738390733.8054
    },
    "resource\\res\\res\\suits.meta": {
      "time": 1766738390733.8054
    },
    "resource\\res\\__MACOSX\\res.meta": {
      "time": 1766738390735.3071
    },
    "resource\\res\\__MACOSX\\res\\number.meta": {
      "time": 1766738390736.3113
    },
    "resource\\res\\__MACOSX\\res\\suits.meta": {
      "time": 1766738390738.3147
    },
    "scene.scene": {
      "time": 1766825730473.42,
      "uuid": "a8f55cd9-10fb-47c7-b049-15da272b92d1"
    },
    "resource\\background.png": {
      "time": 1766739008864.1091,
      "uuid": "c4856dc3-bda8-4d74-bc2d-2a8585aca27b"
    },
    "resource\\HandArea.png": {
      "time": 1766751048085.275,
      "uuid": "aa5d683a-e3bc-4a33-9126-f77e8e78eae7"
    },
    "resource\\res\\res\\card_general.png": {
      "time": 1766738285429.846,
      "uuid": "328419f5-e05a-432b-9148-ef11c3ee0126"
    },
    "resource\\res\\res\\number\\big_black_10.png": {
      "time": 1766738285795.182,
      "uuid": "67ac3315-8248-4033-83d8-76d737ae0878"
    },
    "resource\\res\\res\\number\\big_black_2.png": {
      "time": 1766738285849.563,
      "uuid": "f9c46793-3211-46b1-84a6-cf2cb16563d9"
    },
    "resource\\res\\res\\number\\big_black_3.png": {
      "time": 1766738285862.9868,
      "uuid": "211fad62-47f2-4104-8004-12322909f218"
    },
    "resource\\res\\res\\number\\big_black_4.png": {
      "time": 1766738285701.791,
      "uuid": "580ea93a-008a-4491-9483-47cda44ce8ed"
    },
    "resource\\res\\res\\number\\big_black_5.png": {
      "time": 1766738285716.5757,
      "uuid": "a375ecc0-0262-415a-9ed4-d2421afd15c9"
    },
    "resource\\res\\res\\number\\big_black_6.png": {
      "time": 1766738285636.019,
      "uuid": "f7bdae1e-ac07-4ce4-b16d-5b99fc537c42"
    },
    "resource\\res\\res\\number\\big_black_7.png": {
      "time": 1766738285619.9585,
      "uuid": "2f59375e-a574-43e6-a94f-5287ce90bd9a"
    },
    "resource\\res\\res\\number\\big_black_8.png": {
      "time": 1766738286276.5515,
      "uuid": "ab11a532-2e3e-4147-a713-f321595832da"
    },
    "resource\\res\\res\\number\\big_black_9.png": {
      "time": 1766738286290.9336,
      "uuid": "c5f933de-73af-4b7e-839e-346a988e590b"
    },
    "resource\\res\\res\\number\\big_black_A.png": {
      "time": 1766738285604.4438,
      "uuid": "2d0a1b67-57cb-4722-9d6c-927f55076977"
    },
    "resource\\res\\res\\number\\big_black_J.png": {
      "time": 1766738286202.2085,
      "uuid": "86e13fa6-90c4-42f2-b8a2-08ab60b9aaf4"
    },
    "resource\\res\\res\\number\\big_black_K.png": {
      "time": 1766738286186.756,
      "uuid": "ce398562-01a9-4c65-9d25-b98afde21cf2"
    },
    "resource\\res\\res\\number\\big_black_Q.png": {
      "time": 1766738285780.9905,
      "uuid": "e1a6c863-fcc5-4329-87c1-9f637987a887"
    },
    "resource\\res\\res\\number\\big_red_10.png": {
      "time": 1766738285748.22,
      "uuid": "077ccdca-8532-4d7b-8a8f-e98c5908f047"
    },
    "resource\\res\\res\\number\\big_red_2.png": {
      "time": 1766738286247.428,
      "uuid": "38848658-4063-45c9-8099-a043804a3770"
    },
    "resource\\res\\res\\number\\big_red_3.png": {
      "time": 1766738286328.4836,
      "uuid": "706fc25a-0d6b-4158-b580-122e68be1534"
    },
    "resource\\res\\res\\number\\big_red_4.png": {
      "time": 1766738286111.7368,
      "uuid": "b7cffb52-28c8-4d77-a119-92e2cf80c7f8"
    },
    "resource\\res\\res\\number\\big_red_5.png": {
      "time": 1766738286126.5645,
      "uuid": "ec3438a1-6db4-456f-833c-a8c3a74c46bf"
    },
    "resource\\res\\res\\number\\big_red_6.png": {
      "time": 1766738286232.6233,
      "uuid": "3906466b-cc55-429a-b7a0-67cdd548a56b"
    },
    "resource\\res\\res\\number\\big_red_7.png": {
      "time": 1766738286156.6633,
      "uuid": "3e70e49e-d184-4937-8bc7-7451c0b35b28"
    },
    "resource\\res\\res\\number\\big_red_8.png": {
      "time": 1766738285822.1445,
      "uuid": "8ba0b33d-4f4d-4828-b9a5-cf4e7578460f"
    },
    "resource\\res\\res\\number\\big_red_9.png": {
      "time": 1766738285890.932,
      "uuid": "1cbbab20-0928-47e1-9082-09f138d23643"
    },
    "resource\\res\\res\\number\\big_red_A.png": {
      "time": 1766738286140.8618,
      "uuid": "e1550410-cca2-476a-bb8d-001ec7014ed1"
    },
    "resource\\res\\res\\number\\big_red_J.png": {
      "time": 1766738285668,
      "uuid": "5ec4306d-1d0f-4494-91b7-8e44fb91d0e5"
    },
    "resource\\res\\res\\number\\big_red_K.png": {
      "time": 1766738285553.1233,
      "uuid": "c10565a1-05e5-4d43-ae83-2ca77e83c6a2"
    },
    "resource\\res\\res\\number\\big_red_Q.png": {
      "time": 1766738286361.9595,
      "uuid": "ed9968ff-e4b2-4b83-a8d7-3a3be20f26a4"
    },
    "resource\\res\\res\\number\\small_black_10.png": {
      "time": 1766738285991.7744,
      "uuid": "e750ad2e-0e03-496e-a237-f7fd28818924"
    },
    "resource\\res\\res\\number\\small_black_2.png": {
      "time": 1766738285835.8352,
      "uuid": "f20544b7-3210-490c-8372-6041b0c47327"
    },
    "resource\\res\\res\\number\\small_black_3.png": {
      "time": 1766738285876.6948,
      "uuid": "d99995f0-70b3-481f-9604-e23a6af93e69"
    },
    "resource\\res\\res\\number\\small_black_4.png": {
      "time": 1766738285685.7751,
      "uuid": "40f8bafc-28b3-4ef9-9192-84998539d13c"
    },
    "resource\\res\\res\\number\\small_black_5.png": {
      "time": 1766738285733.1995,
      "uuid": "b692b17d-a722-458d-b7e4-ccc61fc10511"
    },
    "resource\\res\\res\\number\\small_black_6.png": {
      "time": 1766738285652.4866,
      "uuid": "5f8cedbc-a9b0-44da-9b02-7d18718a1c86"
    },
    "resource\\res\\res\\number\\small_black_7.png": {
      "time": 1766738285586.865,
      "uuid": "76255774-b8f5-4ac1-8e18-444f75f5f4a8"
    },
    "resource\\res\\res\\number\\small_black_8.png": {
      "time": 1766738286261.7327,
      "uuid": "34c382ff-7347-46b0-acfd-c27d4654ce31"
    },
    "resource\\res\\res\\number\\small_black_9.png": {
      "time": 1766738286306.0784,
      "uuid": "e895eadb-ffc4-4d88-8535-71e5a93826c1"
    },
    "resource\\res\\res\\number\\small_black_A.png": {
      "time": 1766738285570.2783,
      "uuid": "e8ba9568-47b6-40d9-a719-cd2f0e1a156d"
    },
    "resource\\res\\res\\number\\small_black_J.png": {
      "time": 1766738286216.643,
      "uuid": "84796ead-5a74-44ec-8c1c-2c0a1024087e"
    },
    "resource\\res\\res\\number\\small_black_K.png": {
      "time": 1766738286172.0242,
      "uuid": "f2ab1a70-eaf4-45e6-9b52-b89d7f05ce16"
    },
    "resource\\res\\res\\number\\small_black_Q.png": {
      "time": 1766738285808.7227,
      "uuid": "28cb7397-d119-4adc-8a50-0fde8863138e"
    },
    "resource\\res\\res\\number\\small_red_10.png": {
      "time": 1766738285961.648,
      "uuid": "57143c50-bd17-4f72-805c-0d1acce8bd53"
    },
    "resource\\res\\res\\number\\small_red_2.png": {
      "time": 1766738286036.3955,
      "uuid": "0ba2385f-41ba-4a46-8498-9ae558fcf510"
    },
    "resource\\res\\res\\number\\small_red_3.png": {
      "time": 1766738286021.58,
      "uuid": "b71b783c-440b-43e2-b8ba-45b309863f32"
    },
    "resource\\res\\res\\number\\small_red_4.png": {
      "time": 1766738285975.4597,
      "uuid": "6714b25f-da89-46b2-b20c-9b9f46a3d193"
    },
    "resource\\res\\res\\number\\small_red_5.png": {
      "time": 1766738285946.3225,
      "uuid": "94b3dd37-7c29-4564-a15f-5011b25e3560"
    },
    "resource\\res\\res\\number\\small_red_6.png": {
      "time": 1766738285904.356,
      "uuid": "04c63336-e320-4765-a6d3-0183944ff87f"
    },
    "resource\\res\\res\\number\\small_red_7.png": {
      "time": 1766738285932.612,
      "uuid": "54a62efa-654a-4efe-9d79-ae3be3e584e1"
    },
    "resource\\res\\res\\number\\small_red_8.png": {
      "time": 1766738286097.6768,
      "uuid": "526f398c-0733-48ea-9e88-4ae80f9ac9fe"
    },
    "resource\\res\\res\\number\\small_red_9.png": {
      "time": 1766738286082.9937,
      "uuid": "35f2bf4d-ed05-43ca-be01-dd2bfbc50280"
    },
    "resource\\res\\res\\number\\small_red_A.png": {
      "time": 1766738285918.1716,
      "uuid": "7705e141-b469-4815-8318-d9d379b3e7a4"
    },
    "resource\\res\\res\\number\\small_red_J.png": {
      "time": 1766738286052.8225,
      "uuid": "db215ec4-8872-4ec3-9284-4674e5cdc847"
    },
    "resource\\res\\res\\number\\small_red_K.png": {
      "time": 1766738286068.5322,
      "uuid": "780f6e11-d1d5-4b33-bdb1-d15b7bf9129f"
    },
    "resource\\res\\res\\number\\small_red_Q.png": {
      "time": 1766738286006.2563,
      "uuid": "cd9acaec-db2f-4008-b5e2-86fca38757a5"
    },
    "resource\\res\\res\\suits\\club.png": {
      "time": 1766738285490.0002,
      "uuid": "133dd2fb-ccd0-4076-a2f2-e7fb71bc9e40"
    },
    "resource\\res\\res\\suits\\diamond.png": {
      "time": 1766738285475.9045,
      "uuid": "76d1c5c0-c11c-42b2-b40b-3c4a8c6fc6de"
    },
    "resource\\res\\res\\suits\\heart.png": {
      "time": 1766738285461.2097,
      "uuid": "bdee6bfb-7a3d-47d2-8cd5-8f78e0931a52"
    },
    "resource\\res\\res\\suits\\spade.png": {
      "time": 1766738285447.0579,
      "uuid": "751f5188-5cd2-4de3-a930-0354e185b528"
    },
    "scene.scene.meta": {
      "time": 1766737549380.56
    },
    "resource\\res\\res\\card_general.png.meta": {
      "time": 1766738390810.2256
    },
    "resource\\HandArea.png.meta": {
      "time": 1766751916877.618
    },
    "resource\\res\\res\\number\\big_black_2.png.meta": {
      "time": 1766738390804.222
    },
    "resource\\res\\res\\number\\big_black_10.png.meta": {
      "time": 1766738390824.267
    },
    "resource\\res\\res\\number\\big_black_3.png.meta": {
      "time": 1766738390807.2234
    },
    "resource\\res\\res\\number\\big_black_4.png.meta": {
      "time": 1766738390812.7412
    },
    "resource\\background.png.meta": {
      "time": 1766739025349.7256
    },
    "resource\\res\\res\\number\\big_black_5.png.meta": {
      "time": 1766738390829.2666
    },
    "resource\\res\\res\\number\\big_black_6.png.meta": {
      "time": 1766738390839.3474
    },
    "resource\\res\\res\\number\\big_black_8.png.meta": {
      "time": 1766738390835.3472
    },
    "resource\\res\\res\\number\\big_black_7.png.meta": {
      "time": 1766738390843.8806
    },
    "resource\\res\\res\\number\\big_black_9.png.meta": {
      "time": 1766738390853.9858
    },
    "resource\\res\\res\\number\\big_black_A.png.meta": {
      "time": 1766738390856.9812
    },
    "resource\\res\\res\\number\\big_black_J.png.meta": {
      "time": 1766738390862.072
    },
    "resource\\res\\res\\number\\big_black_K.png.meta": {
      "time": 1766738390869.0735
    },
    "resource\\res\\res\\number\\big_black_Q.png.meta": {
      "time": 1766738390873.5989
    },
    "resource\\res\\res\\number\\big_red_10.png.meta": {
      "time": 1766738390882.6326
    },
    "resource\\res\\res\\number\\big_red_3.png.meta": {
      "time": 1766738390897.1804
    },
    "resource\\res\\res\\number\\big_red_2.png.meta": {
      "time": 1766738390887.6406
    },
    "resource\\res\\res\\number\\big_red_4.png.meta": {
      "time": 1766738390894.182
    },
    "resource\\res\\res\\number\\big_red_5.png.meta": {
      "time": 1766738390900.1794
    },
    "resource\\res\\res\\number\\big_red_6.png.meta": {
      "time": 1766738390917.2327
    },
    "resource\\res\\res\\number\\big_red_7.png.meta": {
      "time": 1766738390920.2285
    },
    "resource\\res\\res\\number\\big_red_8.png.meta": {
      "time": 1766738390914.2285
    },
    "resource\\res\\res\\number\\big_red_A.png.meta": {
      "time": 1766738390924.748
    },
    "resource\\res\\res\\number\\big_red_9.png.meta": {
      "time": 1766738390928.7495
    },
    "resource\\res\\res\\number\\big_red_J.png.meta": {
      "time": 1766738390940.27
    },
    "resource\\res\\res\\number\\big_red_K.png.meta": {
      "time": 1766738390945.3574
    },
    "resource\\res\\res\\number\\big_red_Q.png.meta": {
      "time": 1766738390950.864
    },
    "resource\\res\\res\\number\\small_black_10.png.meta": {
      "time": 1766738390957.8733
    },
    "resource\\res\\res\\number\\small_black_2.png.meta": {
      "time": 1766738390951.9243
    },
    "resource\\res\\res\\number\\small_black_3.png.meta": {
      "time": 1766738390964.918
    },
    "resource\\res\\res\\number\\small_black_4.png.meta": {
      "time": 1766738390967.9175
    },
    "resource\\res\\res\\number\\small_black_5.png.meta": {
      "time": 1766738390979.4932
    },
    "resource\\res\\res\\number\\small_black_6.png.meta": {
      "time": 1766738390985.0105
    },
    "resource\\res\\res\\number\\small_black_7.png.meta": {
      "time": 1766738390982.0093
    },
    "resource\\res\\res\\number\\small_black_8.png.meta": {
      "time": 1766738390989.0103
    },
    "resource\\res\\res\\number\\small_black_9.png.meta": {
      "time": 1766738391000.0854
    },
    "resource\\res\\res\\number\\small_black_A.png.meta": {
      "time": 1766738391004.331
    },
    "resource\\res\\res\\number\\small_black_Q.png.meta": {
      "time": 1766738391018.8562
    },
    "resource\\res\\res\\number\\small_black_J.png.meta": {
      "time": 1766738391009.3318
    },
    "resource\\res\\res\\number\\small_black_K.png.meta": {
      "time": 1766738391007.3347
    },
    "resource\\res\\res\\number\\small_red_10.png.meta": {
      "time": 1766738391023.3765
    },
    "resource\\res\\res\\number\\small_red_2.png.meta": {
      "time": 1766738391035.8904
    },
    "resource\\res\\res\\number\\small_red_3.png.meta": {
      "time": 1766738391033.892
    },
    "resource\\res\\res\\number\\small_red_5.png.meta": {
      "time": 1766738391043.9175
    },
    "resource\\res\\res\\number\\small_red_4.png.meta": {
      "time": 1766738391029.375
    },
    "resource\\res\\res\\number\\small_red_6.png.meta": {
      "time": 1766738391047.9175
    },
    "resource\\res\\res\\number\\small_red_7.png.meta": {
      "time": 1766738391053.4453
    },
    "resource\\res\\res\\number\\small_red_9.png.meta": {
      "time": 1766738391066.9824
    },
    "resource\\res\\res\\number\\small_red_8.png.meta": {
      "time": 1766738391062.974
    },
    "resource\\res\\res\\number\\small_red_J.png.meta": {
      "time": 1766738391076.5151
    },
    "resource\\res\\res\\number\\small_red_K.png.meta": {
      "time": 1766738391084.0442
    },
    "resource\\res\\res\\number\\small_red_A.png.meta": {
      "time": 1766738391073.0078
    },
    "resource\\res\\res\\number\\small_red_Q.png.meta": {
      "time": 1766738391090.0437
    },
    "resource\\res\\res\\suits\\diamond.png.meta": {
      "time": 1766738391104.4536
    },
    "resource\\res\\res\\suits\\club.png.meta": {
      "time": 1766738391101.1455
    },
    "resource\\res\\res\\suits\\spade.png.meta": {
      "time": 1766738391107.4536
    },
    "resource\\res\\res\\suits\\heart.png.meta": {
      "time": 1766738391097.146
    },
    "scripts\\configs.meta": {
      "time": 1766813241844.405
    },
    "scripts\\controllers.meta": {
      "time": 1766813241846.406
    },
    "scripts\\managers.meta": {
      "time": 1766813241846.406
    },
    "scripts\\models.meta": {
      "time": 1766813241847.406
    },
    "scripts\\services.meta": {
      "time": 1766813241848.4053
    },
    "scripts\\utils.meta": {
      "time": 1766813241849.4048
    },
    "scripts\\views.meta": {
      "time": 1766813241851.4055
    },
    "scripts\\configs": {
      "time": 1766825729311.8525,
      "uuid": "ad42fd45-cdd2-456d-a699-e6a788d1fa0c"
    },
    "scripts\\controllers": {
      "time": 1766820365102.5234,
      "uuid": "5a714eb9-a21e-48a4-bda1-8937bd9b2c98"
    },
    "scripts\\managers": {
      "time": 1766816579049.2576,
      "uuid": "b3336d96-50d9-48e3-aecc-461a749a766b"
    },
    "scripts\\models": {
      "time": 1766816990935.9607,
      "uuid": "1d2966d8-1d3e-4e8f-b141-909d212fafee"
    },
    "scripts\\services": {
      "time": 1766816577477.52,
      "uuid": "17bf7415-d000-4379-931a-ebf47b35697b"
    },
    "scripts\\utils": {
      "time": 1766813235487.474,
      "uuid": "4cd46a2f-c9c1-4026-a226-d52634ae7194"
    },
    "scripts\\views": {
      "time": 1766818719966.29,
      "uuid": "11c06d23-6e80-4b09-8c2a-adc199747831"
    },
    "scripts\\controllers\\GameController.ts.meta": {
      "time": 1766814042449.1653
    },
    "scripts\\controllers\\GameController.ts": {
      "time": 1766820365089.225,
      "uuid": "ec64eee7-eb1f-430a-bc02-f23f38b2d7ed"
    },
    "scripts\\controllers\\新建 文本文档.txt.meta": {
      "time": 1766815242457.1897
    },
    "scripts\\managers\\新建 文本文档.txt.meta": {
      "time": 1766815242462.1912
    },
    "scripts\\models\\新建 文本文档.txt.meta": {
      "time": 1766815242458.19
    },
    "scripts\\services\\新建 文本文档.txt.meta": {
      "time": 1766815242458.19
    },
    "scripts\\views\\新建 文本文档.txt.meta": {
      "time": 1766815242463.1912
    },
    "scripts\\controllers\\新建 文本文档.txt": {
      "time": 1766815137027.8167,
      "uuid": "a381f411-6a2a-424b-9eae-76e6cb452046"
    },
    "scripts\\models\\新建 文本文档.txt": {
      "time": 1766815079635.0742,
      "uuid": "efed6765-0894-410b-aaf7-08f5b0eff495"
    },
    "scripts\\services\\新建 文本文档.txt": {
      "time": 1766815039229.1255,
      "uuid": "4223af9b-8935-4c3b-a1ff-95cdeefaa5a9"
    },
    "scripts\\managers\\新建 文本文档.txt": {
      "time": 1766815118761.409,
      "uuid": "5a38be80-c574-43ce-a95f-e0d860988619"
    },
    "scripts\\views\\新建 文本文档.txt": {
      "time": 1766814983330.6165,
      "uuid": "5326c780-270f-4430-a937-a3bc98e67f2d"
    },
    "scripts\\views\\CardView.ts.meta": {
      "time": 1766740719939.355
    },
    "scripts\\views\\CardView.ts": {
      "time": 1766818719958.9712,
      "uuid": "21c43c75-9ef4-4497-8143-14ba60553f1b"
    },
    "scripts\\views\\HandAreaView.ts.meta": {
      "time": 1766742625307.3477
    },
    "scripts\\views\\HandAreaView.ts": {
      "time": 1766818082099.468,
      "uuid": "434fd507-105d-458f-8894-36cc37b854e2"
    },
    "scripts\\models\\CardModel.ts.meta": {
      "time": 1766815353865.7502
    },
    "scripts\\models\\CardModel.ts": {
      "time": 1766815539268.2417,
      "uuid": "a116806e-a051-469a-80c3-979b9485ed8d"
    },
    "scripts\\models\\GameModel.ts.meta": {
      "time": 1766815366837.2727
    },
    "scripts\\models\\GameModel.ts": {
      "time": 1766815519167.6296,
      "uuid": "772d3cf3-8326-46b3-b4a1-4567a45db9a3"
    },
    "scripts\\models\\UndoModel.ts.meta": {
      "time": 1766815377950.6538
    },
    "scripts\\models\\UndoModel.ts": {
      "time": 1766815765251.45,
      "uuid": "7a407e2e-7fa9-4402-ad9e-80ee75685e7e"
    },
    "scripts\\services\\TableCardRuleService.ts.meta": {
      "time": 1766813661852.4043
    },
    "scripts\\services\\TableCardRuleService.ts": {
      "time": 1766816577464.6748,
      "uuid": "a55d37b4-9436-40c0-9e0b-bd165ef2eaa9"
    },
    "scripts\\managers\\UndoManager.ts.meta": {
      "time": 1766813988710.4214
    },
    "scripts\\managers\\UndoManager.ts": {
      "time": 1766816579037.2285,
      "uuid": "f5e9f280-e502-48d8-b914-1b25b883f21d"
    },
    "scripts\\CardView-001.ts.meta": {
      "time": 1766815593455.5474
    },
    "scripts\\CardView-001.ts": {
      "time": 1766757400178.9785,
      "uuid": "947d06aa-c664-48c4-bb44-82b81f0b352f"
    },
    "scripts\\HandAreaView-001.ts.meta": {
      "time": 1766815610572.8982
    },
    "scripts\\HandAreaView-001.ts": {
      "time": 1766811603265.503,
      "uuid": "c54174e7-3a85-4689-bb55-ee0711b14a8d"
    },
    "scripts\\models\\ActionRecord.ts.meta": {
      "time": 1766742566120.8901
    },
    "scripts\\models\\ActionRecord.ts": {
      "time": 1766816990927.0571,
      "uuid": "b30f19b8-817b-424d-892c-1b1649391c13"
    },
    "scripts\\configs\\models.meta": {
      "time": 1766825647746.873
    },
    "scripts\\configs\\models": {
      "time": 1766825647736.872,
      "uuid": "1b87b019-9f88-450e-b7e0-6881d822fd85"
    },
    "scripts\\configs\\loaders.meta": {
      "time": 1766825729319.8584
    },
    "scripts\\configs\\loaders": {
      "time": 1766825729310.8523,
      "uuid": "9a4be45a-bef9-487e-bc97-e53c7bfb1e53"
    }
  },
  "missing": {}
}
